"<img src=""a6.png""><br>Name this note",A6
"<img src=""a7.png""><br>Name this note",A7
"<img src=""b6.png""><br>Name this note",B6
"<img src=""b7.png""><br>Name this note",B7
"<img src=""c7.png""><br>Name this note",C7
"<img src=""c8.png""><br>Name this note",C8
"<img src=""d7.png""><br>Name this note",D7
"<img src=""e3.png""><br>Name this note",E3
"<img src=""e7.png""><br>Name this note",E7
"<img src=""f3.png""><br>Name this note",F3
"<img src=""f6.png""><br>Name this note",F6
"<img src=""f7.png""><br>Name this note",F7
"<img src=""g3.png""><br>Name this note",G3
"<img src=""g6.png""><br>Name this note",G6
"<img src=""g7.png""><br>Name this note",G7
